{
  "m-so2sat": [
    0.4492900669574737,
    0.6095334887504578
  ],
  "m-pv4ger": [
    0.9609609842300416,
    0.9849849939346312
  ],
  "m-forestnet": [
    0.4622356593608856,
    0.6263846755027771
  ],
  "m-eurosat": [
    0.9070000052452089,
    0.9850000143051147
  ],
  "m-brick-kiln": [
    0.9739739894866944,
    0.9909909963607788
  ],
  "m-bigearthnet": [
    0.6023704409599304,
    0.7055634260177612
  ]
}